60200001;Schrankenberggasse
60200002;Achengasse
60200003;Ada-Christen-Gasse
60200004;Adam-Betz-Gasse
60200005;Adamovichgasse
60200006;Adolf-Loos-Gasse
60200007;Adolf-Unger-Gasse
60200008;Afritschgasse
60200009;Agavenweg
60200010;Neustift, Agnesgasse
60200011;Aignerstraße
60200012;Auf der Schmelz
60200013;Morzinplatz
60200014;Alaudagasse
60200015;Albern
60200016;Alberner Hafen
60200017;Alberner Hafenzufahrtsstraße
60200018;Alberner Straße
60200019;Albertgasse
60200020;Albertinaplatz
60200021;Carminweg
60200022;Algenweg
60200023;Allerheiligengasse
60200024;Allissen
60200025;Alois-Behr-Straße
60200026;Alsegger Straße
60200027;Alser Straße
60200028;Aichholzgasse
60200029;Alserbachstraße
60200030;Altdorferstraße
60200031;Alte Donau
60200032;Ratschkygasse
60200033;Altes Landgut
60200034;Althanstraße
60200035;Altmannsdorfer Straße
60200036;Pfeiffenbergergasse
60200037;Am Fasangarten
60200038;Zanggasse
60200039;Am Heidjöchl
60200040;Am Himmelreich
60200041;Am Hundsturm
60200042;Am Kanal
60200043;Am Kanal, Hasenleitengasse
60200044;Am Modenapark
60200045;Am Platz
60200046;Am Rosenhügel
60200047;Reichsbrücke
60200048;Am Schöpfwerk
60200049;Am Spiegeln
60200050;Am Spitz
60200051;Am Tabor
60200052;Fünfhausgasse
60200053;Gesundheitszentrum Süd
60200054;Ameisbachzeile
60200055;Ameisgasse
60200056;Neubaugasse
60200057;Ammerweg
60200058;Amongasse
60200059;An den Steinfeldern
60200060;An den alten Schanzen
60200061;An den langen Lüssen
60200062;An der Bien
60200063;An der Niederhaid
60200064;Upsalagasse
60200065;Liebhartstal
60200066;Angermayergasse
60200067;Rudolfsheim, Anschützgasse
60200068;Anton-Bosch-Gasse
60200069;Anton-Böck-Gasse
60200070;Anton-Krieger-Gasse
60200071;Doningasse
60200072;Anton-Störck-Gasse
60200073;Antonigasse
60200074;Anzengruberstraße
60200075;Apostelgasse
60200076;Aquäduktgasse
60200077;Arbeitergasse, Gürtel
60200078;Arbeiterinnenstrand
60200079;Argentinierstraße
60200080;Armbrustergasse
60200081;Arminenstraße
60200082;Arndtstraße
60200083;Breitenlee, Arnikaweg
60200084;Arsenal
60200085;Artariastraße
60200086;Arthaberplatz
60200087;Artillerieplatz
60200088;Aspernallee
60200089;Asperner Heldenplatz
60200090;Frederick-Loewe-Weg
60200092;Atzgersdorf Friedhof
60200093;Atzgersdorf, Kirchenplatz
60200094;Bhf. Atzgersdorf
60200095;An der Liesing
60200096;Atzgersdorfer Straße
60200098;Auernheimergasse
60200099;Augasse
60200100;Broßmannplatz
60200101;Aumannplatz
60200102;Autokaderstraße
60200103;Aßmayergasse
60200104;Bacherplatz
60200105;Badeteich Süßenbrunn
60200106;Badgasse
60200107;Rettichgasse
60200108;Duchekgasse
60200109;Barawitzkagasse, Hohe Warte
60200110;Barichgasse
60200111;Morelligasse
60200112;Bauernfeldplatz
60200113;Hochsatzengasse
60200114;Baumgartner Friedhof, 3. Tor
60200115;Baumgasse
60200116;Nußdorf, Beethovengang
60200117;Belgradplatz
60200118;Bellevuestraße
60200119;Jedlesee, Bellgasse
60200120;Belvederegasse
60200121;Benatzkygasse
60200122;Berggasse
60200123;Bergmillergasse
60200124;Yppengasse
60200125;Theodor-Körner-Gasse
60200127;Fernkorngasse
60200128;Bernreiterplatz
60200129;Mühlschüttel
60200130;Berzeliusgasse
60200131;Franz-Eder-Weg
60200132;Anton-Schall-Gasse
60200133;Bettelheimstraße
60200134;Bernoullistraße
60200135;Döblinger Hauptstraße, Gatterburggasse
60200136;Laxenburger Straße, Gudrunstraße
60200137;Bezirksamt Margareten
60200138;Bibernellweg
60200139;Kretschekgasse
60200140;Schierlinggrundbrücke
60200141;Alberner Hafenzufahrtsstraße West
60200142;Bischoffgasse
60200143;Bischofgasse
60200144;Blaasstraße
60200145;Blechturmgasse
60200146;Bleibtreustraße
60200147;Blériotgasse
60200148;Blindengasse
60200149;Blumengasse
60200150;Hetmanekgasse
60200151;Bognergasse
60200152;Bohattaweg
60200153;Borkowskigasse
60200155;Maculangasse
60200156;Breitenseer Straße, Braillegasse
60200157;Brandstätte
60200158;Braungasse
60200159;Grimmgasse
60200160;Braunhubergasse
60200161;Braunschweiggasse
60200162;Scheffelstraße
60200163;Breiteneckergasse
60200164;Breitenlee Friedhof
60200165;Breitenlee, Ort
60200166;Breitensee
60200167;Roschégasse
60200168;Bretschneidergasse
60200169;Brigittagasse
60200170;Brigittaplatz
60200171;Brockhausengasse
60200172;Brunnengasse
60200173;Brunnengasse
60200174;Brunner Straße, Erlaaer Straße
60200175;Brückengasse
60200176;Brünner Straße
60200177;Bergtaidingweg
60200178;Brünnlbadgasse
60200179;Brüßlgasse
60200180;Bubergasse
60200181;Buchbindergasse
60200182;Grünhaufenbrücke
60200183;Computerstr., Gutheil-Schoder-Gasse
60200184;Hütteldorf, Bujattigasse
60200185;Bundesbad Alte Donau
60200186;Bunsengasse
60200187;Burgersteingasse
60200188;Burggasse-Stadthalle
60200189;Hüttelbergstraße, Campingplatz
60200190;Burgring
60200191;Burgstall
60200192;Rathausplatz, Burgtheater
60200193;Bärenmühldurchgang
60200194;Börnergasse
60200195;Börse
60200196;Bösendorferstraße/Karlsplatz U
60200197;Camillo-Sitte-Gasse
60200198;Breitenfurter Str./Willergasse
60200199;Gerbergasse
60200200;Wolfersbergbrücke
60200201;Campingplatzweg
60200202;Canisiusgasse
60200203;Carabelligasse
60200204;Carlbergergasse
60200205;Castelligasse
60200206;Celtesgasse
60200207;Hafen Freudenau
60200208;Chimanistraße
60200209;Cobenzl Parkplatz
60200210;Cobenzlgasse
60200211;Columbusplatz
60200212;Computerstraße
60200213;Concordiaplatz
60200214;Corvinusgasse
60200215;Cottagegasse
60200216;Cottagestraße
60200217;Czartoryskigasse
60200218;Dahliengasse
60200219;Dammstraße
60200220;Dampfkraftwerk
60200221;Dampfschiffhaufen
60200222;Danzergasse
60200223;Daphneweg
60200224;Daringergasse
60200225;Davidgasse
60200226;Deindorfstraße
60200227;Deißenhofergasse
60200228;Heizwerkstraße
60200229;Dietmayrgasse
60200230;Dirnelwiese
60200231;Dobrowskygasse
60200232;Zehdengasse
60200233;Dommayergasse
60200234;Donauinsel
60200235;Floridsdorfer Brücke
60200236;Donaustadtstraße
60200237;Donauwarte
60200238;Siebeckstraße
60200239;Dopschstraße
60200240;Dorfmeistergasse
60200241;Dornbacher Straße
60200242;Dostalgasse
60200243;Dostgasse
60200244;Dr.-Adolf-Schärf-Heim
60200245;Stubentor
60200246;Ring, Volkstheater
60200247;Dr.-Neumann-Gasse
60200248;Dr.-Schober-Straße
60200249;Draugasse
60200250;Dunantgasse
60200251;Dänenstraße
60200252;Döblinger Bad
60200253;Döblinger Friedhof
60200254;Döblinger Steg
60200255;Dörmanngasse
60200256;Kraftwerk Simmering
60200257;Eberstorferweg
60200258;Edelsteingasse
60200259;Edenstraße
60200260;Strebersdorf, Meriangasse
60200261;Eduard-Kittenberger-Gasse
60200262;Albrechtskreithgasse
60200263;Egon-Friedell-Gasse
60200264;Eibesbrunnergasse
60200265;Eibischweg
60200266;Eichbachgasse
60200267;Eichenstraße
60200268;Einsiedeleigasse
60200269;Einsiedlerplatz
60200270;Luzegasse
60200271;Eipeldauer Straße
60200272;Eisenstadtplatz
60200273;Eisstoßgasse
60200274;Elderschplatz
60200275;Elsbeergasse
60200276;Elterleinplatz
60200277;Embelgasse
60200278;Endemanngasse
60200279;Therese-Ammon-Park
60200280;Brigittenauer Brücke
60200281;Englisch-Feld-Gasse
60200282;Donaumarina
60200283;Erdbergstraße, Schlachthausgasse
60200285;Erlaaer Straße
60200286;Erlachplatz
60200287;Erndtgasse
60200288;Erzherzog-Karl-Straße
60200289;Erdberg
60200290;Donaustadtbrücke
60200291;Eselstiege
60200292;Eslarngasse
60200293;Esterházygasse
60200294;Etrichstraße
60200295;Daumegasse
60200296;Evangelischer Friedhof
60200297;Eßling, Schule
60200298;Eßling Friedhof
60200299;Aspernstraße
60200300;Fasangasse
60200301;Heiligenstadt, 12.-Februar-Platz
60200302;Diesterweggasse
60200303;Wattmanngasse, Elisabethallee
60200304;Döblinger Friedhof, Felix-Dahn-Str.
60200305;Felmayergasse
60200306;Fendigasse
60200307;Sonnleithnergasse
60200308;Gspöttgraben
60200309;Fernsprechamt Heiligenstadt
60200310;Ferry-Dusika-Stadion
60200311;Feuerwache Am Steinhof
60200312;Feuerwache Grinzing
60200314;Fickeysstraße
60200315;Filmteichstraße
60200316;Finsterbuschstraße Nord
60200317;Billgasse
60200318;Löschniggasse
60200319;1. Haidequerstraße Mitte
60200320;Dammhaufengasse
60200321;Pfarrgasse, Traviatagasse
60200322;Zimbagasse
60200323;Auhof
60200324;1. Haidequerstraße Süd
60200325;Giefinggasse
60200326;Firma Perfekta
60200327;Kaltenleutgebner Straße 16/141
60200328;Heinrich-von-Buol-Gasse
60200329;Fischergrund
60200330;Fichtnergasse
60200331;Florian-Geyer-Gasse
60200332;Florian-Hedorfer-Straße
60200333;Florianigasse
60200334;Floridsdorf
60200335;Lafitegasse
60200336;Flotowgasse
60200337;Flugfeldstraße
60200338;Baumgartner Friedhof, 5. Tor
60200339;Flötzersteigbrücke
60200340;Mauerbachstraße/Baumschule
60200341;Forsthausgasse
60200342;Frachtenbahnhof Lobau
60200343;Franz-Asenbauer-Gasse
60200344;Klinik Favoriten
60200345;Franz-Josefs-Bahnhof
60200346;Klinik Landstraße
60200347;Franz-Pletersky-Weg
60200348;Franzensbrücke
60200349;Franzosenweg
60200350;Forchheimergasse
60200351;Freesienweg
60200352;Freiheitsplatz
60200353;Freihofsiedlung
60200354;Kraftwerk Freudenau
60200355;Freyenthurmgasse
60200357;Friedensbrücke
60200358;Baumgarten
60200359;Friedensgasse
60200360;Mariabrunn Kirche
60200361;Friedjunggasse
60200362;Obkirchergasse
60200363;Friedrich-Engels-Platz
60200364;Friedstraße
60200365;Frödenplatz
60200366;Frömmlgasse
60200367;Fröschelgasse
60200368;Flurschützstraße
60200369;Fultonstraße
60200370;Funkengerngasse
60200371;Seegasse
60200372;Ottakringer Friedhof
60200373;Kaltenleutgebner Straße 10/63
60200374;Kaltenleutgebner Straße 137
60200375;Salvigasse
60200376;Gatterburggasse
60200377;Gattergasse
60200378;Gatterhölzl
60200379;Gaudenzdorfer Gürtel
60200380;Gaußplatz
60200381;Gaßmannstraße
60200382;Geiereckstraße
60200383;Geistingergasse
60200384;Gellertplatz
60200385;Gemeindeberggasse
60200386;Opelwerk
60200387;Genochplatz
60200388;Hanreitergasse
60200389;Gerhardusgasse
60200390;Geringergasse
60200391;Gernotgasse
60200392;Geroldgasse
60200393;Gersthof
60200394;Ehrenpreisgasse
60200395;Gersthofer Friedhof
60200396;Getreidemarkt
60200397;Geusaugasse
60200399;Zippererstraße
60200400;Heinrich-Drimmel-Platz
60200401;Stock im Weg
60200403;Gladiolenweg
60200404;Glanzing
60200405;Glatzgasse
60200406;Glawatschweg
60200407;Glockengasse
60200408;Gloriettegasse
60200409;Glossystraße
60200410;Gobergasse
60200411;Goethehof
60200412;Gogolgasse
60200413;Goldhammergasse
60200414;Gotthelfgasse
60200415;Graben, Petersplatz
60200416;Graf-Seilern-Gasse
60200417;Grasbergergasse
60200418;Grasgasse
60200419;Gredlerstraße
60200420;Gregor-Mendel-Straße
60200421;Gregorygasse
60200422;Eßling, Schippanisiedlung
60200423;Greutberggasse
60200424;Griegstraße
60200425;Enkplatz
60200426;Grinzing
60200427;Am Bahnhof
60200428;Grinzinger Straße
60200429;Lange Allee
60200430;Großer Biberhaufen
60200431;Großjedlersdorf
60200432;Großmarktstraße
60200434;Gruschaplatz
60200435;Gräßlplatz
60200436;Gumpendorfer Straße
60200437;Grenzgasse
60200438;Guneschgasse
60200439;Gunoldstraße
60200440;Guntherstraße
60200441;Eßling, Stadtgrenze
60200442;Gusenleithnergasse
60200443;Gustav-Pick-Gasse
60200444;Gutheil-Schoder-Gasse
60200445;Gutraterplatz
60200446;Gußhausstraße
60200447;Gußriegelstraße
60200448;Gymnasiumstraße
60200449;Günselgasse
60200450;Dornbach
60200451;Gütenbachstraße
60200453;Lusthaus
60200454;Doderergasse
60200455;Jasmingasse
60200456;Neulerchenfelder Str., Haberlgasse
60200457;Habsburgergasse
60200458;Beingasse
60200459;Hadersdorf, Hauptstraße
60200460;Hadersdorf
60200461;Oberzellergasse
60200462;Stammersdorfer Kellergasse
60200463;11. Haidequerstraße
60200464;7. Haidequerstraße
60200465;Haidestraße
60200466;Dreherstraße
60200467;Eckpergasse
60200468;Halteraugasse
60200469;Halterlacken
60200470;Hans-Mandl-Berufsschule
60200471;Empergergasse
60200472;Lützowgasse
60200473;Hardeggasse
60200474;Hardtgasse
60200475;Harrachgasse
60200476;Hartlebengasse
60200477;Haschafeld
60200478;Haselbrunnerstraße
60200479;Hasenleiten
60200482;Haspelmeistergasse
60200483;Haspingerplatz
60200484;Geiselbergstraße
60200485;Deinleingasse
60200486;Prater Hauptallee
60200487;Hausfeldstraße
60200488;Dreimarkstein
60200489;Hawlicekgasse
60200490;Heidenschuß/Am Hof
60200491;Heiligenstadt
60200493;Heiligenstädter Brücke
60200494;Heinestraße
60200495;Heinrich-von-Buol-Gasse
60200498;Helferstorferstraße
60200499;Hellingstraße
60200500;Dresdner Straße
60200501;Henriettenplatz
60200502;Herbeckstraße
60200503;Heringgasse
60200504;Speising, Hermesstraße
60200505;Hernals
60200506;Herrengasse
60200507;Hernalser Gürtel
60200508;Hernals, Wattgasse
60200509;Hertlgasse
60200510;Herzgasse
60200511;Hetzendorf
60200512;Freudenauer Hafenstraße
60200513;Hetzgasse
60200514;Heuberg
60200515;Heuberggasse
60200516;Heudörfelgasse
60200517;Schönbrunner Str., Kettenbrückengasse
60200520;Hietzing
60200521;Obere Waldandacht
60200522;Hildebrandgasse
60200523;Hillerstraße
60200524;Himberger Straße
60200525;Himmelmutterweg
60200526;Himmelstraße
60200527;Hintere Zollamtsstraße
60200528;Am Krautgarten
60200529;Hirschengasse
60200530;Hirschstetten, Ort
60200531;Blumengärten Hirschstetten
60200532;Hirschstetten
60200533;Fuchsienweg
60200534;Hochsatzengasse
60200535;Hoefftgasse
60200536;Hoferstiege
60200537;Hofherr-Schrantz-Gasse
60200538;Hofmannsthalgasse
60200539;Hofwiesengasse
60200540;Hohe Warte
60200541;Hohe-Wand-Wiese
60200542;Hohenbergstraße
60200543;Hohenfelsplatz
60200544;Hoher Markt
60200545;Hollergasse
60200546;Kollarzgasse
60200547;Holubstraße
60200548;Hopfengasse
60200549;Horeischygasse
60200550;Hosnedlgasse Süd
60200551;Hoßplatz
60200552;Hubermanngasse
60200553;Hubert-Gsur-Gasse
60200554;Hubertusdamm
60200555;Huflattichweg
60200556;Huglgasse
60200557;Hugo-Wolf-Park
60200558;Unter St. Veit, Hummelgasse
60200559;Husarenweg
60200560;Bhf. Hütteldorf
60200561;Pelargonienweg
60200562;Hütteldorfer Friedhof
60200563;Hüttenbrennergasse
60200564;Hüttergasse
60200565;Hämmerlegasse
60200566;Hänflingweg
60200567;Hänischgasse
60200568;Häußlergasse
60200569;Höchstädtplatz
60200570;Hödlgasse
60200571;Hörtengasse
60200572;Senekowitschgasse
60200574;Illgasse
60200575;Liesing, Industriegelände Süd
60200576;Liesing, Industriegelände West
60200577;Innocentiagasse
60200578;Innstraße
60200579;Invalidensiedlung
60200580;Inzersdorf, Friedhof
60200581;Inzersdorf, Großmarkt
60200582;Bhf. Blumental
60200584;Lieblgasse
60200585;Inzersdorf Lokalbahn
60200586;Inzersdorf, Zetschegasse
60200587;Lafnitzgasse
60200588;Oleandergasse
60200589;Jagdschloßgasse
60200590;Jahngasse
60200591;Jedlersdorf
60200592;Hosnedlgasse Nord
60200593;Trillergasse
60200594;Jeneweingasse
60200595;Jenbachgasse
60200596;Scheedgasse
60200597;Joachimsthalerplatz
60200598;Großjedlersdorf, Jochbergengasse
60200599;Jochen-Rindt-Straße
60200600;Johann-Friedl-Gasse
60200601;Johannes-Krawarik-Gasse
60200602;Johann-Nepomuk-Berger-Platz
60200603;Johann-Pölzer-Gasse
60200604;Johann-Strauß-Gasse
60200605;Kirsteweg
60200606;Johnstraße
60200607;Josef-Baumann-Gasse
60200608;Josef-Enslein-Platz
60200609;Josef-Gall-Gasse
60200610;Josef-Meder-Gasse
60200611;Josef-Melichar-Gasse
60200612;Josef-Ressel-Straße
60200613;Josef-Österreicher-Gasse
60200614;Elisabethwiese
60200615;Josefstädter Straße
60200616;Leibnizgasse
60200617;Julius-Ficker-Straße
60200618;Julius-Payer-Gasse
60200619;Julius-Raab-Platz
60200620;Jungstraße
60200621;Jura-Soyfer-Gasse
60200622;Justgasse
60200623;Melangasse
60200624;In der Au
60200625;Jägerwaldsiedlung
60200627;Kagran
60200628;Hagedornweg
60200629;Breitenleer Straße
60200630;Kagraner Anger
60200631;Kagraner Brücke
60200632;Kagraner Friedhof
60200633;Kagraner Platz
60200634;Kahlenberg
60200635;Kahlenbergerdorf
60200636;Korbweidenweg
60200637;Kaiser-Franz-Josef-Straße
60200638;Kaiserebersdorfer Friedhof
60200639;Kaiserebersdorf, Zinnergasse
60200640;Angelibad
60200641;Kaisermühlen-VIC
60200642;Kaisermühlenstraße
60200643;Mariahilfer Straße, Kaiserstraße
60200644;Kaiserstraße, Burggasse
60200645;Kaiserstraße, Neustiftgasse
60200646;Kaiserstraße
60200647;Kalksburg Kirchenplatz
60200648;Kammerergasse
60200649;Kanalstraße
60200650;Wulzendorfstraße
60200651;Kapellergasse
60200652;Kappgasse
60200653;Kardinal-Nagl-Platz
60200654;Karl-Meißl-Straße
60200655;Karl-Schwed-Gasse
60200656;Triester Str./Karl-Tornay-Gasse
60200657;Karlsplatz
60200658;Arsenalsteg
60200659;Karmeliterplatz
60200660;Karthäuserstraße
60200661;Kaserngasse
60200662;Haus des Meeres
60200663;Kellerberggasse
60200664;Kellermanngasse
60200665;Kempfengerngasse
60200666;Keplerplatz
60200667;Dreherstraße, Hoefftgasse
60200668;Kerbelgasse
60200669;Familienplatz
60200670;Kettenbrückengasse
60200671;Lemböckgasse
60200672;Keylwerthgasse
60200673;Khevenhüllerstraße
60200674;Khleslplatz
60200675;Sanddorngasse
60200676;Kierischitzweg
60200677;Kinskygasse, Rossakgasse
60200678;Kirchengasse
60200679;Kirchfeldgasse
60200680;Kirchstetterngasse
60200681;Jungbauerweg
60200682;Kirschenallee
60200683;Kleehäufel
60200684;Klebindergraben
60200685;Klederinger Straße
60200686;Kleiner Ring
60200687;Kleingartenverein Hackenberg
60200688;Kleistgasse
60200689;Kliebergasse
60200690;Klimtgasse
60200692;Gürtelbrücke
60200693;Lehenstraße
60200694;Knotzenbachgasse
60200695;Knödelhüttenstraße
60200696;Kohlgasse
60200697;Kolbegasse
60200698;Kollburggasse
60200699;Koloniestraße
60200700;Inzersdorf, Slamastraße
60200701;Konstanziagasse
60200702;Hauffgasse
60200703;Dirmhirngasse
60200704;Panikengasse
60200705;Koppstraße, Thaliastraße
60200706;Korbergasse
60200707;Korbgasse
60200708;Kornauthgasse
60200709;Jakov-Lind-Straße
60200710;Klinik Hietzing
60200711;KGV Alsrückenweg
60200712;Geibelgasse
60200713;Krapfenwaldgasse
60200714;Kratzlgasse
60200715;Krausegasse
60200716;Kraygasse
60200717;Kreilplatz
60200718;Krenngasse
60200719;Röntgengasse
60200720;Podhagskygasse
60200721;Kronawettergasse
60200722;Kronfußgasse
60200723;Krottenbachstraße
60200724;Inzersdorf, Kolpingstraße
60200725;Kugelfanggasse
60200726;Kugelmanngasse
60200727;Kundratstraße
60200728;Kunerolgasse
60200729;Kurpark Nordeingang
60200730;Kurzbauergasse
60200732;Kutschkergasse
60200733;Pensionistenwohnhaus Prater
60200734;Kärntner Straße
60200735;Oberlaa, Friedhof
60200736;Kölblgasse
60200737;Stiegengasse
60200740;Lainzer Tor
60200741;Lamezanstraße
60200742;Landesgerichtsstraße
60200743;Mitte-Landstraße
60200744;Lafitegasse
60200745;Landwehrstraße
60200746;Veitschiweg
60200747;Lange Gasse
60200748;Langfeldgasse
60200749;Langobardenstraße
60200750;Langsulzgasse
60200751;Lannesstraße
60200752;Vorgartenstraße
60200753;Laudongasse
60200754;Laurentiusplatz
60200755;Laurenzgasse
60200756;St.-Veit-Gasse
60200757;Pulkaugasse
60200758;Lavantgasse, Schule
60200759;Schönbrunner Allee
60200760;Laxenburger Straße, Troststraße
60200761;Grenzackerstraße
60200762;Lazarettgasse
60200763;St. Marx, Leberstraße
60200764;Lebingergasse
60200765;Lechnerstraße
60200766;Rosenbergstraße
60200767;Himmelteich
60200768;Leibenfrostgasse
60200769;Leopoldau
60200770;Wehrbrücklstraße, Gernotgasse
60200771;Leopoldauer Platz
60200772;Resedaweg
60200773;Leopoldauer Straße
60200774;Leopoldigasse
60200775;Leopoldsberg
60200776;Leopoldsdorfer Straße
60200777;Auerspergstraße
60200778;Kapellenweg
60200779;Leutholdgasse
60200780;Leyserstraße
60200781;Leystraße
60200782;Lichtensterngasse
60200783;Thaliastraße, Haberlgasse
60200784;Liebknechtgasse
60200785;Tillmanngasse
60200786;Liechtenwerder Platz
60200787;Lieglerstraße
60200788;Liesing
60200789;Liesing Bad
60200790;Liesing Feuerwache
60200791;Liesing Friedhof
60200792;Moeringgasse
60200793;Liesing, Schulzentrum
60200794;Sebastianbrücke
60200796;Liesinger-Flur-Gasse
60200797;Jedleseer Friedhof
60200798;Lilienthalgasse
60200799;Lindauergasse
60200800;Lindenbauergasse
60200801;Jungnickelweg
60200803;Linnéplatz
60200804;Lisztstraße
60200805;Litfaßstraße
60200806;Raffineriestr., Ostbahnbrücke
60200807;Löwenthalgasse
60200808;Lobaugasse
60200809;Lobgrundstraße
60200810;Lohnergasse
60200811;Lohwaggasse
60200812;Lokomotivgasse
60200813;Lorenz-Böhler-Unfallkrankenhaus
60200814;Lorystraße
60200815;Anton-Stilling-Platz
60200816;Margeritenweg
60200817;Lukschgasse
60200818;Lusthaus, Aspernallee
60200819;Lützowgasse
60200820;Längenfeldgasse
60200821;Ludwig-Koeßler-Platz
60200822;Puchgasse, Maculangasse
60200823;Maireckergasse
60200824;Leopoldsgasse
60200825;Mannswörther Straße
60200826;Marenabrücke
60200827;Margaretengürtel
60200828;Ostbahnbegleitstraße
60200829;Margaretenplatz, Schönbrunner Str.
60200830;Margaretenplatz
60200831;Margetinstraße
60200832;Mariabrunn Mauerbachstraße
60200833;Mariahilfer Gürtel
60200835;Museumsquartier
60200836;Aquäduktsteg
60200837;Alte Brauerei Liesing
60200838;Marienbrücke
60200839;Markomannenstraße
60200840;Maroltingergasse
60200841;Marschallplatz
60200842;Schwarzenbergallee
60200843;Martinstraße
60200844;Marx-Meidlinger-Straße
60200845;Marxergasse
60200846;Matschgasse
60200847;Marderweg
60200848;Matthäus-Jiszda-Straße
60200849;Matzleinsdorfer Platz
60200850;Mehlführergasse
60200852;Maurer Berg
60200853;Maurer Friedhof
60200854;Maurer Hauptplatz
60200855;Maurer-Lange-Gasse
60200856;Max-Fleischer-Gasse
60200857;Max-Hegele-Weg
60200858;Max-Mauermann-Gasse
60200859;Mayerhofgasse
60200860;Mayerweckstraße
60200861;Mayssengasse
60200862;Mayredergasse
60200863;Meidling Hauptstraße
60200864;Meidlinger Hauptstraße/Pohlgasse
60200865;Dörfelstraße
60200867;Meischlgasse
60200868;Memlinggasse
60200869;Mergenthalerplatz
60200870;Merkurweg
60200872;Meyerbeergasse
60200873;Michaelerplatz
60200874;Michelbeuern-AKH
60200875;Fabergasse
60200877;Minciostraße
60200878;Mitterberg
60200879;Mitterfeldgasse
60200880;Mittleres Hausfeld
60200881;Modecenterstraße
60200883;Mauthausgasse
60200884;Mendelssohngasse
60200885;Molitorgasse
60200886;Mommsengasse
60200887;Mondweg
60200888;Montecuccoliplatz
60200889;Montleartstraße
60200890;Moosgasse
60200891;Mooslackengasse
60200892;Mooswiesengasse
60200893;Moritz-Dreger-Gasse
60200894;Moschingergasse
60200895;Murlingengasse
60200896;Murraygasse
60200897;Muthgasse
60200898;Mühlbreiten
60200899;Mühlfeldgasse
60200900;Mühlhäufel
60200901;Mühlhäufelweg
60200902;Mühlsangergasse
60200903;Mühlwasser
60200904;Mühlwasserstraße
60200905;Hauptbahnhof Ost
60200906;Pensionistenwohnhaus Hetzendorf
60200907;Kaiserebersdorf, Münnichplatz
60200908;Männertreugasse
60200909;Märzstraße
60200910;Aspern Nord
60200911;Märzstraße
60200912;Naufahrtbrücke
60200913;Nauheimergasse
60200914;Neilreichgasse
60200916;Nestroyplatz
60200917;Neue Donau Mitte
60200918;Neu Erlaa
60200919;Donaumarina U, Chrastekgasse
60200920;Neubaugasse, Burggasse
60200921;Neubaugasse, Neustiftgasse
60200922;Neubreitenlee
60200923;Erlaaer Spitz
60200924;Neueßling
60200925;Neugebauerweg
60200927;Neukagran
60200928;Neulandschule
60200929;Ungargasse, Neulinggasse
60200930;Neusteinhof
60200931;Neustift am Walde
60200932;Neustifter Friedhof 1.Tor
60200933;Neustifter Friedhof 2.Tor
60200934;Neustifter Friedhof 3.Tor
60200935;Neuwaldegg
60200936;Marswiese
60200937;Niederhofstraße
60200938;Forstnergasse
60200939;Niklas-Eslarn-Straße
60200940;Nikolaus-Pytty-Gasse
60200941;Nordbahnstraße
60200942;Seestadt
60200943;Nordbrücke
60200944;Nordwestbahnstraße
60200945;Ernst-Vasovec-Gasse
60200947;Nowakgasse
60200948;Nußdorf
60200949;Oberlaa
60200950;Nußdorfer Straße
60200951;Dückegasse
60200952;Nästlbergergasse
60200953;Küniglberg, ORF-Zentrum
60200954;Finsterbuschstraße Mitte
60200955;Lieblgasse
60200956;Ober St. Veit
60200957;Oriongasse
60200958;Haberlandtgasse
60200959;Oberdöbling
60200960;Grohnergasse
60200961;Obere Augartenstraße
60200962;Obere Donaustraße
60200963;Oberer Reisenbergweg
60200964;Tierquartier
60200965;Ziegelhofstraße
60200966;Spargelfeldstraße
60200967;Orchisgasse
60200968;Obergfellplatz
60200970;Oberlaaer Platz
60200971;Oberlaaer Straße
60200972;Obersteinergasse
60200973;Oberwiedenstraße
60200974;Sturgasse
60200975;Oper, Karlsplatz
60200976;Alsegger Straße, Czartoryskigasse
60200977;Frauengasse
60200978;Oskar-Simony-Straße
60200979;Wagramer Straße, Ostbahn
60200980;Oswald-Redlich-Straße
60200981;Ottakring
60200983;Ottakringer Bad
60200984;Attemsgasse
60200985;Otto-Hötzl-Weg
60200986;Otto-Probst-Platz
60200987;Otto-Probst-Straße
60200988;Palffygasse
60200989;Karl-Popper-Straße
60200990;Panozzalacke
60200991;Pantucekgasse
60200992;Paradisgasse
60200993;Kundmanngasse
60200994;Parlament
60200995;Patrizigasse
60200996;Paulanergasse
60200997;Paulinensteig
60200998;Pellmanngasse
60200999;Marco-Polo-Promenade
60201000;Pensionistenwohnhaus Atzgersdorf
60201001;Pensionistenwohnhaus Rosenberg
60201002;Pensionsversicherungsanstalt
60201003;Penzing
60201004;Neubreitenlee
60201005;Penzinger Straße
60201007;Perfektastraße
60201008;Perntergasse
60201009;Perspektivstraße
60201010;Peter-Jordan-Straße
60201011;Pfarrer-Matz-Gasse
60201012;Pfarrgasse
60201013;Pfenninggeldgasse
60201014;Seckendorfstraße
60201015;Bhf. Meidling
60201016;Alfred-Adler-Straße
60201017;Piaristengasse
60201018;Pilgramgasse
60201019;Kolschitzkygasse
60201021;Plachygasse
60201022;Plankengasse
60201023;Karl-Bednarik-Gasse
60201024;Plattensteinergasse
60201025;Plößlgasse
60201026;Podlahagasse
60201027;Pogrelzstraße
60201028;Pohlgasse
60201029;Veletaweg
60201030;Pokornygasse
60201031;Polgarstraße
60201032;Kaltenleutgebner Straße 12/75
60201033;Tiefer Graben
60201034;Portnergasse
60201035;Hütteldorfer Straße
60201037;Possingergasse
60201038;Fritz-Feigl-Weg
60201039;Praterbrücke
60201040;Praterstern
60201041;Rasumofskygasse
60201042;Nestroyplatz/Praterstraße
60201043;Predigtstuhl
60201044;Preindlgasse
60201045;Pretschgasse
60201046;Christine-Touaillon-Straße
60201047;Preßgasse
60201048;Prinzgasse
60201049;Otto-Wagner-Areal
60201050;Puchgasse
60201052;Klinik Penzing
60201053;Pumgasse
60201054;Purkytgasse
60201055;Pönningerweg
60201056;Pötzleinsdorf
60201057;Pötzleinsdorfer Friedhof
60201058;Quellenplatz
60201060;Knöllgasse
60201061;Rabengasse
60201062;Spittelau
60201063;Radetzkyplatz
60201064;Pappenheimgasse
60201065;Raimannstraße
60201066;Rainergasse
60201067;Rallenweg
60201068;Rampengasse
60201069;Ramperstorffergasse
60201070;Rappachgasse
60201071;Löwengasse
60201072;Rathaus
60201073;Ravelinstraße
60201074;Laxenburger Straße, Sahulkastraße
60201075;Ratmannsdorfgasse
60201076;Ratzenhofergasse
60201077;Rauscherstraße
60201078;Raxstraße, Rudolfshügelgasse
60201079;Rebhanngasse
60201080;Redtenbachergasse
60201081;Pflaumengasse
60201082;Reichmanngasse
60201083;Eßling, Wegmayersiedlung
60201084;Linzer Straße, Reinlgasse
60201085;Reinprechtsdorfer Brücke
60201086;Reinprechtsdorfer Str., Arbeitergasse
60201087;Hansl-Schmid-Weg
60201088;Siebensterngasse
60201090;Renngasse
60201091;Rennweg
60201092;Ruckergasse/Pohlgasse
60201093;Asparagusweg
60201094;Resselgasse
60201095;Reumannplatz
60201096;Hörndlwald
60201097;Richard-Neutra-Gasse
60201098;Richard-Strauss-Straße
60201099;Richthausenstraße
60201100;Riedelgasse
60201101;Riedstraße
60201102;Riemergasse
60201103;Schippergasse
60201104;Rochusgasse
60201105;Rodaun
60201106;Hochstraße
60201107;Rodauner Straße
60201108;Rodlergasse
60201109;Rohrbacherstraße
60201110;Sieveringer Str./Rohrerwiese
60201111;Rohrhofergasse
60201112;Rosasgasse
60201113;Krautackergasse
60201114;Rosenhügelstraße
60201115;Rosensteingasse
60201116;Rosentalgasse
60201117;Rossakgasse
60201118;Rotenmühlgasse
60201119;Rotenturmstraße
60201120;Steinspornbrücke
60201121;Sandleitengasse
60201122;Obachgasse
60201123;Rothneusiedl
60201124;Roßauer Lände
60201125;Schartlgasse
60201126;Haschkagasse
60201127;Rudolf-Waisenhorn-Gasse
60201128;Rudolf-Zeller-Gasse
60201129;Rudolfsplatz
60201130;Rueppgasse
60201131;Rustenfeld Siedlung
60201132;Rustengasse
60201133;Ruthnergasse
60201134;Ruzickagasse
60201135;Rußbergstraße
60201136;Römergasse
60201137;Trabrennstraße
60201138;Saarplatz
60201139;Sagedergasse
60201140;Sahulkastraße
60201141;Saikogasse
60201142;Salmannsdorf
60201143;Saltenstraße
60201144;Salzgries
60201145;Salztorbrücke
60201146;Samptwandnergasse
60201147;Sandrockgasse
60201148;Viehmarktgasse
60201149;St.-Hemma-Kirche
60201150;St.-Hubertus-Platz
60201151;St.-Michael-Gasse
60201152;St.-Ulrichs-Platz
60201153;Sauerburggasse
60201154;Scalagasse
60201155;Schafbergbad
60201156;Schafberghöhe
60201157;Schafflerhof
60201158;Linzer Straße
60201159;Schattenfrohgasse
60201160;Bhf. Meidling, Schedifkaplatz
60201162;Schemmerlstraße, Hasenleiteng.
60201163;Zillbauerplatz
60201164;Schillwasserweg
60201165;Südportalstraße
60201166;Schlachthammerstraße
60201167;Schleiergasse
60201168;Schleifmühlgasse
60201169;Schlickgasse
60201170;Angerer Straße
60201171;Schloss Alterlaa
60201173;Schloss Belvedere
60201174;Schloss Hetzendorf
60201175;Schloss Laudon
60201176;Schloss Schönbrunn
60201177;Wilhelminenberg
60201178;Schluckergasse
60201179;Schmelzbrücke
60201180;Schoeppelgasse
60201181;Schottenfeldgasse
60201182;Schottenring
60201183;Schönwiesegasse
60201184;Schottentor
60201185;St. Veiter Tor
60201186;Floridsdorfer Markt
60201187;Schrammelgasse
60201188;Schrekergasse
60201189;Schrutkagasse
60201190;Schuhmeierplatz
60201191;Ettenreichgasse, Schulzentrum
60201192;Schwanngasse
60201193;Schwarzenbergplatz
60201194;Lothringerstraße
60201195;Schwarzenhaidestraße
60201196;Voltelinistraße
60201197;Schwarzspanierstraße
60201198;Schwedenplatz
60201199;Schlachthausgasse
60201200;Schweglerstraße
60201201;Schweizertalstraße
60201202;Scheibenbergstraße
60201203;Schwertgasse
60201204;Schüttauplatz
60201205;Schüttaustraße
60201206;Stadionbrücke
60201207;Schütthäufel
60201208;Schöberweg
60201209;Schödlbergergasse
60201210;Schöffelgasse
60201211;Schönbrunn
60201212;Gatterholzgasse
60201213;Hertha-Kräftner-Gasse
60201214;Schöpfwerk
60201215;Scottgasse
60201216;Sebaldgasse
60201217;Sebastian-Kohl-Gasse
60201218;Sechskrügelgasse
60201219;Rosalia-Chladek-Gasse
60201220;Seifertstraße
60201221;Strigelgasse
60201223;Selma-Lagerlöf-Gasse
60201224;Senderstraße
60201225;Breitenfurter Straße/Rodauner Straße
60201226;Sensengasse
60201227;Seuttergasse
60201228;Pellmannbrücke
60201229;Shuttleworthstraße
60201230;Sibeliusstraße
60201231;Sickenberggasse
60201232;Siebenbrunnenfeldgasse
60201233;Siebenbrunnengasse
60201234;Siebenbürgerstraße
60201235;Siebenhirten
60201236;Brunner Straße, Ketzergasse
60201237;Kirchengasse
60201238;Siebertgasse
60201239;Siedlung Blumental
60201240;Karl-Bekehrty-Straße
60201241;Siedlung Einigkeit
60201242;Siedlung Heuberg
60201243;Siedlung Kordon
60201244;Siedlung Sonnheim
60201245;Siedlung Südost
60201246;Promenadeweg
60201247;Siegesplatz
60201248;Siemensstraße
60201249;Tivoligasse
60201250;Sievering
60201251;Jägerhaus
60201252;Sieveringer Straße
60201253;Silbergasse
60201254;Percostraße
60201255;Sillerplatz
60201256;Sieveringer Friedhof
60201257;Grillgasse
60201258;Pfalzgasse
60201259;Simmeringer Haide
60201260;Simmering
60201261;Wolfersberg, Schöffelplatz
60201262;Bhf. Meidling, Eichenstraße
60201263;Polkorabplatz
60201264;Simoningplatz
60201265;Sindinggasse
60201266;Siriusweg
60201267;Alser Straße, Skodagasse
60201268;Skraupstraße
60201269;Sobotagasse
60201270;Contiweg
60201271;Vorderhainbach, Augustinerwaldg.
60201272;Sommarugagasse
60201273;Sommerweg
60201274;Sonnbergstraße
60201275;Sonnenuhrgasse
60201276;Sonnergasse
60201277;Sorgenthalgasse
60201278;Donauspital
60201279;Breitenlee, Spargelfeldstraße
60201280;Spargelfeldstraße Nord
60201281;Triester Straße/Anton-Baumgartner-Straße
60201282;Speierlinggasse
60201283;Preyergasse
60201284;Siedlung Rosenhügel
60201285;Speisinger Straße
60201286;Spengergasse
60201287;Spinnerin am Kreuz
60201288;Spitalgasse
60201289;Vernholzgasse
60201290;Spitzweg
60201291;Schreinerweg
60201292;Smolagasse
60201293;Freudenau Rennplatz
60201295;Speising
60201296;Stadionbad
60201299;Stadlau
60201300;Scheugasse
60201301;Praterkai
60201302;Segelzentrum Nord
60201303;Lorenz-Mandl-Gasse
60201304;Stadlergasse
60201305;Stadtpark
60201306;Staglgasse
60201307;Stallarngasse
60201308;Stammersdorf
60201309;Stammersdorf Zentralfriedhof
60201310;Liebleitnergasse
60201311;Stammhausstraße
60201312;Stefan-Fadinger-Platz
60201313;Steigenteschgasse
60201314;Steinamangergasse
60201315;Barthgasse
60201316;Steinbrechergasse
60201317;Kendlerstraße
60201318;Steinlegasse
60201319;Steinsee
60201320;Stephansplatz
60201321;Hermine-Jursa-Gasse
60201322;Sterngasse
60201323;Sternwartestraße
60201324;Stiegergasse
60201325;Stiftgasse
60201326;Stock im Weg
60201327;Stockholmer Platz
60201328;Stollgasse
60201329;Strandbad Alte Donau
60201330;Strandbad Stadlau
60201331;Maria-Jacobi-Gasse
60201332;Stranzenberggasse
60201333;Strebersdorf
60201334;Sängergasse
60201335;Strebersdorfer Platz
60201336;Strehlgasse
60201337;Stadlauer Friedhof
60201338;Strohbogasse
60201339;Neu Marx
60201340;Strozzigasse
60201341;Johann-Kutschera-Gasse
60201342;Sulzengasse
60201343;Sulzwiese
60201344;Swatoschgasse
60201345;Hannah-Arendt-Platz
60201346;Quartier Belvedere
60201349;Hauptbahnhof
60201350;Hauptbahnhof Autoreisezug
60201351;Michael-Neumann-Gasse
60201352;Südwestfriedhof, 1. Tor
60201353;Südwestfriedhof, 2. und 8. Tor
60201354;Südwestfriedhof, 3. und 7. Tor
60201357;Bhf. Süßenbrunn
60201358;Hauptbahnhof Süd
60201359;Süßenbrunner Platz
60201360;Süßenbrunner Straße
60201361;Taglieberstraße
60201362;Talpagasse
60201363;Gertrude-Fröhlich-Sandner-Straße
60201364;Tamariskengasse
60201365;Tandelmarktgasse
60201366;Taubstummengasse
60201368;Teiläckergasse
60201369;Teinfaltstraße
60201370;Tenschertstraße
60201371;Tesarekplatz
60201372;Thaliastraße
60201373;Tanbruckgasse
60201374;Feßtgasse
60201375;Theater in der Josefstadt
60201376;Theergasse
60201377;Theodor-Sickel-Gasse
60201378;Agrarweg
60201380;Thujagasse
60201381;Tilakstraße
60201382;Niederpointenstraße
60201383;Edelsinnstraße
60201384;Tolstojgasse
60201385;Traisengasse
60201386;Voitgasse
60201388;Traviatagasse
60201389;Triester Str., Rossakgasse
60201390;Triester Str./Sterngasse
60201392;Troststraße
60201393;Neilreichgasse, Troststraße
60201394;Tscherttegasse
60201395;Tullnertalgasse
60201396;Twarochgasse
60201397;Türkenschanzplatz
60201398;Töllergasse
60201399;Ulanenweg
60201400;Ulmenstraße
60201401;Bambergergasse
60201402;Auhof Umspannwerk
60201403;Unfallkrankenhaus Meidling
60201404;Unter St. Veit
60201405;Sonnwendgasse
60201406;Unter der Kirche
60201407;Unteres Belvedere
60201408;Breitenlee, Rautenweg
60201409;Unterlaa
60201410;Unterlaa Stadtgrenze
60201411;Unterlaaer Straße
60201412;Uranusweg
60201413;Urban-Loritz-Platz
60201414;Urselbrunnengasse
60201415;Ursulinenkloster
60201416;Utendorfgasse
60201417;Gebirgsgasse
60201418;Valiergasse
60201419;Van-Swieten-Kaserne
60201420;Veitingergasse
60201421;Venediger Au
60201422;Unter St. Veit, Verbindungsbahn
60201423;Grabengasse
60201424;Versorgungsheimplatz
60201425;St. Marx
60201426;Vinzenzgasse
60201427;Vivariumstraße
60201428;Vogelweidplatz, Stadthalle
60201429;Vohburggasse
60201430;Volkstheater
60201431;Malzgasse
60201432;Kasgraben
60201433;Vorgartenstraße
60201435;Miriam-Makeba-Gasse
60201436;Wagenwiese
60201437;Wagner-Schönkirch-Gasse
60201438;Waidhausenstraße
60201439;Waidäckergasse
60201440;Walcherstraße
60201441;Waldgasse
60201442;Rodaun Waldmühle
60201443;Wallensteinplatz
60201444;Klosterneuburger Str., Wallensteinstr.
60201445;Wallishaussergasse
60201446;Gersthof, Wallrißstraße
60201447;Warhanekgasse
60201448;Röbbelinggasse
60201449;Wasnergasse
60201450;Hintzerstraße
60201451;Uhlirzgasse
60201453;Wattmanngasse
60201454;Wehr 1/Wasserskilift
60201455;Wehrbrücklstraße
60201456;Weidelstraße
60201457;Paul-Wagner-Gasse
60201458;Weidlingau Bahnhof
60201459;Weiglgasse
60201460;Weihburggasse
60201461;Weinhauser Gasse
60201462;Weitlofgasse
60201463;Weißenböckstraße
60201464;Weißenthurngasse
60201465;Wendstattgasse
60201466;Wenzgasse
60201467;Schafberg, Werfelstraße
60201468;Westbahnhof
60201469;Wolfganggasse
60201470;Wexstraße
60201471;Weyrgasse
60201472;Widholzgasse
60201473;Wiedgasse
60201474;Wielandplatz
60201475;Wlassakstraße
60201476;Pfaffenaugasse
60201477;Wienerbergbrücke
60201478;Jedletzbergerstraße
60201479;Wienerfeld
60201480;Wienerfeldgasse
60201481;Neulaa
60201482;Wolf in der Au
60201483;Albert-Schweitzer-Gasse
60201484;Wiethestraße
60201485;Wildbadgasse
60201486;Wildgansplatz
60201487;Wildpretstraße
60201488;Wilhelm-Kreß-Platz
60201489;Rankgasse
60201490;Wilhelminenstraße
60201491;Willendorfer Gasse
60201492;Willergasse, Schule
60201493;Winckelmannstraße
60201494;Windtenstraße
60201495;Winkeläckerstraße
60201496;Winterhafen
60201497;Wittelsbachstraße
60201498;Wittgensteinstraße
60201499;Alterlaa
60201500;Wohnpark Lobau
60201501;Wolfersberggasse
60201502;Wolfgang-Mühlwanger-Str.
60201504;Wolfrathplatz
60201505;Lainz, Wolkersbergenstraße
60201506;Schwarzlackenau
60201507;Haßlwanderweg
60201508;Am Europlatz
60201509;Währinger Park
60201510;Währinger Straße-Volksoper
60201511;Adalbert-Stifter-Str., Jägerstraße
60201512;Aspern, Zachgasse
60201513;Zallingergasse
60201514;Zanaschkagasse
60201515;Pirquetgasse
60201516;Serpentingasse
60201517;Zehetnergasse
60201518;Zentaplatz
60201519;Bhf. Zentralfriedhof
60201520;Zentralfriedhof 1.Tor
60201521;Zentralfriedhof 2.Tor
60201522;Zentralfriedhof 3.Tor
60201523;Zentralfriedhof 4.Tor
60201524;Indigoweg
60201525;Hauptwerkstätte
60201526;Simonygasse
60201527;Breitenlee, Ziegelhofstraße
60201528;Am Rain
60201529;Ziegelofengasse
60201530;Zieglergasse
60201531;Zieglergasse, Burggasse
60201532;Zieglergasse, Neustiftgasse
60201533;Westbahnstraße, Zieglergasse
60201534;Zifferergasse
60201535;Freudenauer Hafenbrücke
60201536;Seitenhafenstraße
60201537;Zschokkegasse
60201538;Kurt-Tichy-Gasse
60201539;Ludwig-Reindl-Gasse
60201540;Grellgasse
60201541;Ödenburger Straße, Schulzentrum
60201542;Ölhafen
60201543;Finsterbuschstr., Öllager
60201544;Jedlesee, Überfuhrstraße
60201545;Zeleborgasse
60201546;Ruckergasse
60201547;Karl-Lothringer-Straße
60201548;Ziehrerplatz
60201549;Rustenschacherallee
60201550;Tiroler Gasse
60201551;Binsenweg
60201552;Rosiwalgasse
60201553;Ernst-Krenek-Gasse
60201554;Bahnsteggasse
60201555;Tinterstraße
60201556;Vorarlberger Allee
60201558;Lerchenfelder Straße
60201559;Lederergasse
60201560;Inzersdorf, Kirchenplatz
60201561;Cumberlandstraße
60201562;Pfarrwiesenstraße
60201563;Exelbergsiedlung
60201564;Exelbergstraße/Parkplatz
60201565;Rohrerhüttenweg
60201566;Westbahnhof, Gerstnerstraße
60201567;Tonfabrikgasse
60201568;Klaschkaweg
60201569;Meriangasse
60201570;Marsanogasse, Bhf. Gürtel
60201571;Clemens-Holzmeister-Straße
60201572;Graffgasse
60201573;Troststraße
60201574;Schemmerlstraße/Unterfeld
60201575;Schemmerlstraße
60201576;Speditionsstraße
60201577;Hasenleiten, Industriegebiet
60201578;Gadnergasse
60201579;Guglgasse
60201580;Seitenhafenbrücke
60201581;Vera-Schwarz-Gasse
60201582;Favoritenstraße
60201583;Ernst-Happel-Stadion
60201585;Lichtblaustraße
60201586;Klingerstraße
60201587;Maria-Trapp-Platz
60201588;Warneckestraße
60201589;Fabianistraße
60201590;Raphael-Donner-Allee
60201591;Schottenring
60201592;Ailecgasse
60201594;Baudißgasse
60201595;Oberfeldgasse
60201596;Jakob-Bindel-Platz
60201597;Korianderweg
60201598;Bernhardtstalgasse
60201599;Bertl-Hayde-Gasse
60201600;Königsklostergasse
60201602;Strampfergasse
60201603;Herziggasse
60201604;Eitnergasse
60201605;Siedlung Wienerflur
60201606;Stipcakgasse
60201607;Atzlergasse
60201609;Wienerflurgasse
60201610;Zentraltanklager
60201611;Auf der Schanz
60201612;Cossmanngasse
60201613;Deutschordenstraße
60201614;Wahlberggasse
60201615;Henckellgasse
60201616;Hüttelberg
60201617;Steinböckengasse
60201619;Kalmusweg
60201620;Sevcikgasse
60201621;Toni-Fritsch-Weg
60201622;Gschweidlgasse
60201623;Kummergasse
60201624;Josef-Flandorfer-Straße
60201625;Inzersdorf, Birostraße
60201626;Birostraße Mitte
60201627;Jedlersdorfer Platz
60201628;Dattlergasse
60201629;Steinergasse
60201630;Trondheimgasse
60201631;Aspern, Oberdorfstraße
60201632;Magdalenenstraße
60201633;Stavangergasse
60201634;Seidelbastgasse
60201635;Heustadelgasse, Schule
60201636;Hoechlegasse
60201637;Jägermaiszufahrt
60201638;Heustadelgasse
60201639;Auspitzgasse
60201640;Mühlau
60201641;Leidlweg
60201642;Dumreichergasse
60201643;Arztgasse
60201644;Haengasse
60201645;Ultzmanngasse
60201646;Goldregengasse
60201647;Soldanellenweg
60201648;Reglergasse
60201649;Kornblumenweg
60201650;Aurikelweg
60201652;Wachthausgasse
60201653;Ludwiggasse
60201654;Liechtensteinstr., Schottentor
60201655;Emil-Behring-Weg
60201656;Willerbrücke
60201657;Martin-Gaunersdorfer-Gasse
60201658;Lichtentaler Gasse
60201659;Brückengasse
60201660;Mitterhofergasse
60201661;Am Rosenhügel
60201662;Seefeldergasse
60201663;Otto-Weber-Gasse
60201664;Schmelz, Gablenzgasse
60201665;Johnstraße, Schuselkagasse
60201666;Lorenz-Müller-Gasse
60201667;Jägerstraße
60201668;Neue Donau
60201669;Widholzgasse
60201670;Leberberg
60201671;Svetelskystraße
60201672;Franz-Eduard-Matras-Gasse
60201673;Theodor-Kramer-Straße
60201674;Hochmuthgasse
60201675;Schillingstraße
60201676;Hermann-Gebauer-Straße
60201677;Edmund-Reim-Gasse
60201678;Rothenburgstraße
60201679;Hervicusgasse
60201680;Badeteich Hirschstetten
60201681;Kolletschkagasse
60201682;Hernalser Friedhof
60201683;Kastanienallee
60201684;Wopenkastraße
60201685;Zentralfriedhof 9.Tor
60201686;Greta-Keller-Gasse
60201687;Panethgasse, Sebaldgasse
60201688;Weingartenallee
60201689;Süßenbrunn, Sportpark
60201690;Kefedergrundgasse
60201691;Klinik Ottakring
60201692;Neu-Albern
60201693;Allerheiligenplatz
60201694;Klimschgasse
60201695;Rodaunbrücke
60201696;Hackinger Straße
60201697;Carabelligasse, Ruthnergasse
60201698;Petrusgasse
60201699;Leberweg
60201700;Zwerchäckerweg
60201701;Hilde-Hannak-Gasse
60201702;Boschstraße, Halteraugasse
60201703;Amtshaus Muthgasse
60201704;Pasettistraße
60201705;Handelskai
60201706;Kalksburg Lodererweg
60201707;Rossinigasse
60201708;Mühlhäufelgasse
60201709;Viktor-Wittner-Gasse
60201710;Kaposigasse
60201711;Kahlergasse
60201712;Sofie-Lazarsfeld-Straße
60201713;Akkonplatz
60201714;Holbeingasse
60201715;Starhemberg-Kaserne
60201716;Niedermoserstraße
60201718;Spittelbreitengasse
60201719;Siebeneichengasse
60201720;Franz-Lehár-Gasse
60201721;Grundäckergasse
60201722;Ernanigasse
60201724;Simonsgasse
60201725;Sechshauser Gürtel
60201726;Schwenkgasse
60201727;Siebenhirten, Basler Gasse
60201728;Hainburger Straße
60201729;Mantlergasse
60201730;Zouvalgasse
60201731;Wallenberggasse
60201732;Verbindungsweg
60201733;Donauturm
60201734;Satzberggasse
60201735;Prandaugasse
60201737;Veterinärmedizinische Universität
60201738;Vorwärtsplatz
60201739;Gewerbepark Kagran
60201740;Martin-Luther-King-Park
60201741;Südrandstraße
60201742;Heizwerkstraße
60201743;Ferdinand-Frey-Weg
60201744;Erbpostgasse
60201745;Johannes-von-Gott-Platz
60201746;Soldanellenweg
60201747;Joseph-Roth-Gasse
60201749;Gasometer
60201751;Marietta-Blau-Gasse
60201752;Breitenlee, Schule
60201753;Franz-Schreker-Gasse
60201754;Rudolf-Hausner-Gasse
60201755;Antonsplatz
60201756;Simmering, Kaiserebersdorfer Straße
60201757;Enkplatz, Gottschalkg.
60201758;Savoyenstraße
60201759;Stillfriedplatz
60201760;Hertha-Firnberg-Straße
60201761;Wienerberg City
60201763;Steinmüllergasse
60201764;Umlauftgasse
60201766;Jenschikweg
60201767;Spinozagasse
60201768;Karl-Metschl-Gasse
60201769;Nottendorfer Gasse
60201770;Franzosengraben
60201772;Skraupstraße
60201773;Lackenjöchelgasse
60201774;Ginsterweg
60201775;Halban-Kurz-Straße
60201776;Breitenlee Schule, Schukowitzgasse
60201777;Mühlweg
60201779;Radnitzkygasse
60201780;Bhf. Kaiserebersdorf
60201781;Undsetgasse
60201782;Pensionistenwohnhaus Föhrenhof
60201784;Döblerhofstraße
60201785;Ober St. Veit, Franz-Boos-Gasse
60201786;Gewerbepark Stadlau
60201787;Absbergbrücke
60201788;Aspern, Sportplatz
60201789;Linzer Straße/Flötzersteig
60201790;Bahnhofstraße
60201791;Friedhofstraße
60201792;Untere Kaistraße
60201794;Schmerlingplatz, Volkstheater
60201795;Am Heumarkt
60201796;Jubiläumswarte
60201797;Hotel NH Danube City
60201799;Stachegasse
60201800;Höhenstraße, Rohrerwiese
60201801;Stranitzkygasse
60201802;Stryeckgasse
60201803;Kurpark Nordosteingang
60201804;Hederichgasse
60201805;Burgenlandgasse
60201806;Neuwaldegger Straße
60201807;Plankenmaisstraße
60201808;Kieslerweg
60201809;Fuchsenzeile
60201810;Gunertweg
60201812;Laimgrubengasse
60201813;Akademietheater
60201814;Im Gestockert
60201815;Ährengrubenweg
60201816;Carl-Appel-Straße
60201817;Brantinggasse
60201818;Pichelmayergasse
60201819;Saligergasse/Kindergarten
60201820;Saligergasse
60201821;Schottenwald
60201822;Hanslteich
60201823;Zentralfriedhof Kindergräber
60201825;Haidersberggasse
60201826;Korngoldgasse
60201828;Zentralfriedhof 11. Tor
60201829;Zentralfriedhof Mahnmal 1938/45
60201830;Zentralfriedhof Friedhof-Gärtnerei
60201831;Zentralfriedhof Halle 3/Gr. 40
60201832;Zentralfriedhof Gruppe 121
60201833;Zentralfriedhof Gruppe 152
60201834;Zentralfriedhof Gruppe 147
60201835;Zentralfriedhof Gruppe 142
60201836;Zentralfriedhof Gruppe 66
60201837;Zentralfriedhof Gruppe 84
60201838;Zentralfriedhof Tor 9/Gruppe 82
60201839;Zentralfriedhof Kriegsgräber
60201840;Zentralfriedhof Kriegsgräber 1.WK
60201841;Zentralfriedhof Gruppe 78
60201842;Zentralfriedhof Gruppe 74
60201843;Zentralfriedhof Gruppe 47
60201844;Zentralfriedhof Gruppe 11
60201846;Phillipsgasse
60201847;Weinzierlgasse
60201848;Lassallestraße
60201850;Altmannsdorfer Straße
60201851;Franz-Sebek-Straße
60201852;Eckartsaugasse
60201853;Hanusch-Krankenhaus
60201854;Zinnergasse, Kaserne
60201855;Wienflussaufsicht
60201856;Iselgasse
60201857;Am Schöpfwerk, Eibesbrunnerg.
60201858;Aderklaaer Straße
60201859;Großfeldsiedlung
60201860;Rennbahnweg
60201861;Kürschnergasse
60201862;Anton-Sattler-Gasse
60201863;Hirschstettner Straße
60201864;Leopoldau S+U/Möllplatz
60201865;Weinheimergasse
60201866;Stammersdorfer Straße/Brünner Straße
60201867;Aspernallee, Schule
60201868;Steinhagegasse
60201869;Josef-Prangl-Straße
60201871;Pierre-de-Coubertin-Platz
60201872;Inzersdorfer Str., Bernhardtstalgasse
60201873;Kainachgasse
60201874;Stadlauer Brücke
60201875;Kleine Stadtgutgasse
60201876;Volkertplatz
60201878;Pichlgasse
60201880;Arbeitergasse, Gürtel
60201881;Welthandelsplatz
60201882;Nußdorf Friedhof
60201883;Heiligenstädter Friedhof
60201884;Frohes-Schaffen-Weg
60201885;Rosannagasse
60201886;Tauschekgasse
60201887;Petritschgasse
60201888;Leopoldau, Betriebsgarage
60201889;Großbauerstraße
60201890;Ignaz-Köck-Straße
60201891;Taborstraße
60201892;Messe-Prater
60201893;Krieau
60201894;Stadion
60201895;Marathonweg
60201896;Schipanygasse
60201897;Leopold-Moses-Gasse
60201898;Harkortstraße
60201900;Matthäusgasse
60201901;Erlafstraße
60201903;Langenzersdorfer Straße
60201905;Molkereistraße
60201906;Max-Winter-Platz
60201908;Atzgersdorf, Ziedlergasse
60201909;Melchartgasse
60201910;Absberggasse
60201911;Niedermeierweg
60201912;Hlawkagasse
60201913;Rosenackerstraße
60201914;Neu Leopoldau
60201915;Ferdinand-Platzer-Gasse
60201916;Kaisergrund
60201917;Paukerwerkstraße
60201918;Krakauer Straße
60201919;Bruno-Marek-Allee
60201920;Eduardgasse
60201921;Johann-Nepomuk-Vogl-Platz
60201922;Berresgasse
60201923;Grete-Zimmer-Gasse
60201924;Mona-Lisa-Steiner-Weg
60201925;Lavendelweg
60201926;Hagenbrunner Straße
60201927;Edergasse
60201928;Altmannsdorfer Anger
60201929;Käthe-Recheis-Gasse
60201930;Ilse-Buck-Straße
60201933;Kleine Mohrengasse
60201934;An der Kuhtrift
60201935;Atzgersdorf, Bildungscampus
60201937;Auer-Welsbach-Straße
60201938;Seybelgasse
60201942;Hans-Czermak-Gasse
60201943;Satzingerweg
60201946;Guido-Lammer-Gasse
60201947;Wildgartenallee
60201954;Leopoldine-Padaurek-Straße 
60201955;Halblehenweg
60201956;Wassermanngasse
60201957;Schweizer-Garten-Straße
60201959;Hörlgasse
60201960;Josef-Kraft-Weg
60201962;Haussteinstraße
60201963;Stemolakgasse
60201964;Aspern Nord*103*203, Mayrederbrücke
60201965;Friederike-Mayröcker-Straße
60201966;Karoline-Perin-Gasse
60201967;Lilly-Dillenz-Straße
60201969;Schukowitzgasse
60201970;Lammaschgasse
60201973;Lina-Loos-Platz
60202003;Wolfgang-Pauli-Gasse
60202004;Weidlingau, Herzmanskystr.
60202006;Schloss Neugebäude
60202033;Deinleingasse/Schule
60202239;Otto-Storch-Gasse
60202260;Tarifpunkt Simmering
60202500;Leebgasse, Siccardsburgg.
60202501;Oberlaa, Laaer-Berg-Str.
60202503;Anastasius-Grün-Gasse
60202689;Tarifpunkt Kliebergasse
60202769;Tarifpunkt Leopoldau
60202910;Betriebshof Favoriten
60202911;Betriebshof Simmering
60202912;Zimmermannplatz
60202913;Betriebshof Speising
60202915;Betriebshof Rudolfsheim
60202916;Betriebshof Ottakring
60202917;Betriebshof Hernals
60202918;Betriebshof Gürtel
60202920;Betriebshof Brigittenau
60202921;Betriebshof Floridsdorf
60202922;Betriebshof Kagran
60202923;Betriebshof Spetterbrücke
60202924;Raxstraße, Betriebsgarage
60202950;Speising, Gallgasse
60202951;Barnabitengasse
60202952;Per-Albin-Hansson-Siedlung
60202953;Pensionisten-Wohnhaus Laaer Berg
60202954;Gartenschaugasse
60203018;Leopoldauer Straße
60203028;Schöffelstraße
60203029;Goethestraße
60203121;Josefsplatz
60203134;Viadukt
60203142;Leesdorf
60203203;Grenzgasse
60203290;Stefan-Fadinger-Straße
60203409;Rotes Kreuz
60203499;Gerasdorf, Bahnhof
60203501;Auerbachweg
60203505;Franz-Welte-Weg
60203506;Kirchengasse/Rathaus
60203507;Gerasdorf, Mittelschule
60203509;Gerasdorf, Josef-Böck-Gasse
60203510;Gerasdorf, Postamt
60203512;Schulgasse
60203513;Sparkasse
60203514;Volksschule
60203556;Groß-Enzersdorf
60203558;Groß-Enzersdorf, Stadtmauer
60203573;Musikschule
60203615;Lokalbahn
60203671;Stammersdorfer Straße
60203673;Laudongasse
60203674;Steinbachstraße
60203895;Kledering, Bahnhof
60203896;Gärtnergasse
60203897;Kledering, Kirche
60204092;Kledering, Bahnhofplatz
60204164;Südstadt Bahnhof
60204302;Eigenheimsiedlung Haltestelle
60204304;Lokalbahn
60204319;Florianiplatz
60204331;Lokalbahn
60204349;Teichgasse
60204536;Rennplatz
60204601;Sanatorium Bhf.
60204710;Schwechat, Bahnhof
60204714;Alanovaplatz
60204718;Schwechat, Brauerei
60204719;Ehrenbrunngasse
60204723;Hauptplatz
60204730;Volksbank
60204735;Schwechat, Rathausplatz
60204799;Abzw. Sofienalpe
60204808;Schwechat, Möhringgasse
60204842;Am Waldfriedhof
60204859;Berggasse
60204860;Lebereckstraße
60204861;Feuerwehr
60205001;Lokalbahn
60205022;Bahnhof
60205096;Kirche
60205132;SCS
60205133;Vösendorf-Siebenhirten
60205200;Griesfeld
60205201;Bahnhof
60205326;Talgasse
60205671;Schwechat, Hauptplatz
60205809;Melkergründe
60205921;Schwechat, Plankenwehrstraße
60205960;Schwechat, Wiener Straße
60205962;Mozartweg
60205964;Blumenweg
60205965;Anzengruberweg
60205982;Johann-Kaller-Gasse
60205987;Dr.-Theodor-Körner-Gasse
60205995;Westliche Scheunenstraße
60205996;Grenzweg
60206055;Landesklinikum
60206130;Ulmengasse
60209100;Tarifpunkt HS - Handelskai
60209998;Bhf. Atzgersdorf
60209999;Raffaelg., Wallensteinpl.
60214198;Secession/Friedrichstraße
60251351;Roßkopfgasse, Hainbachgasse
60251352;Hainbachgasse
60251353;Laskywiesengasse
60251354;Hinterhainbach
60251355;Roßkopfgasse
60251356;Trollwiese
60251359;Sofienalpenstraße, Roßkopfgasse
60259901;(AST)Phillipsgasse SD
60259902;(AST)Khevenhüllerstraße SD
60259903;(AST)Breitenleer Str./A.weg SD
60259904;(AST)Neueßling SD
60259905;(AST)Messe-Prater SD
60259906;(AST)Praterbrücke SD
60259907;(AST)Kaserngasse SD
60259908;(AST)Pumgasse SD
60259909;(AST)Kronawettergasse SD
60259910;(AST)Süßenbrunn S SD
60259911;(AST)Bettelheimstraße SD
60259912;(AST)Spinozagasse SD
60259913;(AST)Erzherzog-Karl-Straße SD
60259914;(AST)Oberfeldgasse SD
60259915;(AST)Himberger Straße SD
60259916;(AST)Gustav-Pick-Gasse SD
60259917;(AST)Hardtgasse SD
60259918;(AST)Grinzinger Straße
60259919;(AST)Spittelau SD
60259920;(AST)Steinsee SD
60259921;(AST)Siebenhirten SD
